-- V15: Demo data — categories, products, and prices for Mercadona, Carrefour, and ALDI
--
-- Provides a ready-to-explore dataset immediately after the first `./gradlew bootRun`.
-- Popular search terms covered: leche, aceite, yogur, pan, arroz
--
-- Supermarket UUIDs come from V3__seed_supermarkets.sql:
--   Mercadona  00000000-0000-0000-0000-000000000001
--   Carrefour  00000000-0000-0000-0000-000000000002
--   ALDI       00000000-0000-0000-0000-000000000004
--
-- All prices recorded at 2026-04-11 08:00 UTC (falls in product_prices_2026_q2 partition).
-- The materialized view latest_product_prices is refreshed at the end.

-- ============================================================
-- MERCADONA
-- ============================================================

-- ---- TOP categories ----------------------------------------
INSERT INTO categories (id, name, external_id, supermarket_id, level_type, parent_id, sort_order)
VALUES
    ('10000000-0000-0000-0000-000000000001', 'Lácteos y huevos',           'merc-1001', '00000000-0000-0000-0000-000000000001', 'TOP', NULL, 1),
    ('10000000-0000-0000-0000-000000000002', 'Aceites, especias y salsas', 'merc-1002', '00000000-0000-0000-0000-000000000001', 'TOP', NULL, 2),
    ('10000000-0000-0000-0000-000000000003', 'Panadería y bollería',       'merc-1003', '00000000-0000-0000-0000-000000000001', 'TOP', NULL, 3),
    ('10000000-0000-0000-0000-000000000004', 'Cereales, arroz y legumbres','merc-1004', '00000000-0000-0000-0000-000000000001', 'TOP', NULL, 4)
ON CONFLICT (id) DO NOTHING;

-- ---- SUB categories ----------------------------------------
INSERT INTO categories (id, name, external_id, supermarket_id, level_type, parent_id, sort_order)
VALUES
    ('10000000-0000-0000-0000-000000000011', 'Leche',                   'merc-1011', '00000000-0000-0000-0000-000000000001', 'SUB', '10000000-0000-0000-0000-000000000001', 1),
    ('10000000-0000-0000-0000-000000000012', 'Yogures y postres lácteos','merc-1012', '00000000-0000-0000-0000-000000000001', 'SUB', '10000000-0000-0000-0000-000000000001', 2),
    ('10000000-0000-0000-0000-000000000013', 'Aceites vegetales',        'merc-1013', '00000000-0000-0000-0000-000000000001', 'SUB', '10000000-0000-0000-0000-000000000002', 1),
    ('10000000-0000-0000-0000-000000000014', 'Pan de molde y tostadas',  'merc-1014', '00000000-0000-0000-0000-000000000001', 'SUB', '10000000-0000-0000-0000-000000000003', 1),
    ('10000000-0000-0000-0000-000000000015', 'Arroces',                  'merc-1015', '00000000-0000-0000-0000-000000000001', 'SUB', '10000000-0000-0000-0000-000000000004', 1)
ON CONFLICT (id) DO NOTHING;

-- ---- LEAF categories ---------------------------------------
INSERT INTO categories (id, name, external_id, supermarket_id, level_type, parent_id, sort_order)
VALUES
    ('10000000-0000-0000-0000-000000000021', 'Leche entera',         'merc-1021', '00000000-0000-0000-0000-000000000001', 'LEAF', '10000000-0000-0000-0000-000000000011', 1),
    ('10000000-0000-0000-0000-000000000022', 'Leche semidesnatada',  'merc-1022', '00000000-0000-0000-0000-000000000001', 'LEAF', '10000000-0000-0000-0000-000000000011', 2),
    ('10000000-0000-0000-0000-000000000023', 'Yogur natural',        'merc-1023', '00000000-0000-0000-0000-000000000001', 'LEAF', '10000000-0000-0000-0000-000000000012', 1),
    ('10000000-0000-0000-0000-000000000024', 'Aceite de girasol',    'merc-1024', '00000000-0000-0000-0000-000000000001', 'LEAF', '10000000-0000-0000-0000-000000000013', 1),
    ('10000000-0000-0000-0000-000000000025', 'Pan de molde blanco',  'merc-1025', '00000000-0000-0000-0000-000000000001', 'LEAF', '10000000-0000-0000-0000-000000000014', 1),
    ('10000000-0000-0000-0000-000000000026', 'Arroz redondo',        'merc-1026', '00000000-0000-0000-0000-000000000001', 'LEAF', '10000000-0000-0000-0000-000000000015', 1)
ON CONFLICT (id) DO NOTHING;

-- ---- Products ----------------------------------------------
INSERT INTO products (id, external_id, supermarket_id, category_id, name, brand, packaging, is_active)
VALUES
    ('20000000-0000-0000-0000-000000000001', 'merc-prod-1', '00000000-0000-0000-0000-000000000001', '10000000-0000-0000-0000-000000000021', 'Leche Entera Hacendado 1L',         'Hacendado', '1L',    true),
    ('20000000-0000-0000-0000-000000000002', 'merc-prod-2', '00000000-0000-0000-0000-000000000001', '10000000-0000-0000-0000-000000000022', 'Leche Semidesnatada Hacendado 1L',  'Hacendado', '1L',    true),
    ('20000000-0000-0000-0000-000000000003', 'merc-prod-3', '00000000-0000-0000-0000-000000000001', '10000000-0000-0000-0000-000000000023', 'Yogur Natural Hacendado 8x125g',    'Hacendado', '8x125g',true),
    ('20000000-0000-0000-0000-000000000004', 'merc-prod-4', '00000000-0000-0000-0000-000000000001', '10000000-0000-0000-0000-000000000024', 'Aceite de Girasol Hacendado 1L',    'Hacendado', '1L',    true),
    ('20000000-0000-0000-0000-000000000005', 'merc-prod-5', '00000000-0000-0000-0000-000000000001', '10000000-0000-0000-0000-000000000025', 'Pan de Molde Blanco Hacendado 800g','Hacendado', '800g',  true),
    ('20000000-0000-0000-0000-000000000006', 'merc-prod-6', '00000000-0000-0000-0000-000000000001', '10000000-0000-0000-0000-000000000026', 'Arroz Redondo Hacendado 1Kg',       'Hacendado', '1kg',   true)
ON CONFLICT (id) DO NOTHING;

-- ---- Prices ------------------------------------------------
INSERT INTO product_prices (id, product_id, unit_price, selling_method, currency, recorded_at)
VALUES
    ('30000000-0000-0000-0000-000000000001', '20000000-0000-0000-0000-000000000001', 0.89, 0, 'EUR', '2026-04-11 08:00:00+00'),
    ('30000000-0000-0000-0000-000000000002', '20000000-0000-0000-0000-000000000002', 0.85, 0, 'EUR', '2026-04-11 08:00:00+00'),
    ('30000000-0000-0000-0000-000000000003', '20000000-0000-0000-0000-000000000003', 1.75, 0, 'EUR', '2026-04-11 08:00:00+00'),
    ('30000000-0000-0000-0000-000000000004', '20000000-0000-0000-0000-000000000004', 1.20, 0, 'EUR', '2026-04-11 08:00:00+00'),
    ('30000000-0000-0000-0000-000000000005', '20000000-0000-0000-0000-000000000005', 1.35, 0, 'EUR', '2026-04-11 08:00:00+00'),
    ('30000000-0000-0000-0000-000000000006', '20000000-0000-0000-0000-000000000006', 0.99, 0, 'EUR', '2026-04-11 08:00:00+00')
ON CONFLICT (id, recorded_at) DO NOTHING;

-- ============================================================
-- CARREFOUR
-- ============================================================

-- ---- TOP categories ----------------------------------------
INSERT INTO categories (id, name, external_id, supermarket_id, level_type, parent_id, sort_order)
VALUES
    ('10000000-0000-0000-0000-000000000031', 'Lácteos y huevos',    'carr-1001', '00000000-0000-0000-0000-000000000002', 'TOP', NULL, 1),
    ('10000000-0000-0000-0000-000000000032', 'Aceites y condimentos','carr-1002', '00000000-0000-0000-0000-000000000002', 'TOP', NULL, 2),
    ('10000000-0000-0000-0000-000000000033', 'Panadería',            'carr-1003', '00000000-0000-0000-0000-000000000002', 'TOP', NULL, 3),
    ('10000000-0000-0000-0000-000000000034', 'Arroz y legumbres',   'carr-1004', '00000000-0000-0000-0000-000000000002', 'TOP', NULL, 4)
ON CONFLICT (id) DO NOTHING;

-- ---- SUB categories ----------------------------------------
INSERT INTO categories (id, name, external_id, supermarket_id, level_type, parent_id, sort_order)
VALUES
    ('10000000-0000-0000-0000-000000000041', 'Leche',            'carr-1011', '00000000-0000-0000-0000-000000000002', 'SUB', '10000000-0000-0000-0000-000000000031', 1),
    ('10000000-0000-0000-0000-000000000042', 'Yogures',          'carr-1012', '00000000-0000-0000-0000-000000000002', 'SUB', '10000000-0000-0000-0000-000000000031', 2),
    ('10000000-0000-0000-0000-000000000043', 'Aceites',          'carr-1013', '00000000-0000-0000-0000-000000000002', 'SUB', '10000000-0000-0000-0000-000000000032', 1),
    ('10000000-0000-0000-0000-000000000044', 'Pan de molde',     'carr-1014', '00000000-0000-0000-0000-000000000002', 'SUB', '10000000-0000-0000-0000-000000000033', 1),
    ('10000000-0000-0000-0000-000000000045', 'Arroces',          'carr-1015', '00000000-0000-0000-0000-000000000002', 'SUB', '10000000-0000-0000-0000-000000000034', 1)
ON CONFLICT (id) DO NOTHING;

-- ---- LEAF categories ---------------------------------------
INSERT INTO categories (id, name, external_id, supermarket_id, level_type, parent_id, sort_order)
VALUES
    ('10000000-0000-0000-0000-000000000051', 'Leche entera',        'carr-1021', '00000000-0000-0000-0000-000000000002', 'LEAF', '10000000-0000-0000-0000-000000000041', 1),
    ('10000000-0000-0000-0000-000000000052', 'Leche semidesnatada', 'carr-1022', '00000000-0000-0000-0000-000000000002', 'LEAF', '10000000-0000-0000-0000-000000000041', 2),
    ('10000000-0000-0000-0000-000000000053', 'Yogur natural',       'carr-1023', '00000000-0000-0000-0000-000000000002', 'LEAF', '10000000-0000-0000-0000-000000000042', 1),
    ('10000000-0000-0000-0000-000000000054', 'Aceite de girasol',   'carr-1024', '00000000-0000-0000-0000-000000000002', 'LEAF', '10000000-0000-0000-0000-000000000043', 1),
    ('10000000-0000-0000-0000-000000000055', 'Pan de molde blanco', 'carr-1025', '00000000-0000-0000-0000-000000000002', 'LEAF', '10000000-0000-0000-0000-000000000044', 1),
    ('10000000-0000-0000-0000-000000000056', 'Arroz redondo',       'carr-1026', '00000000-0000-0000-0000-000000000002', 'LEAF', '10000000-0000-0000-0000-000000000045', 1)
ON CONFLICT (id) DO NOTHING;

-- ---- Products ----------------------------------------------
INSERT INTO products (id, external_id, supermarket_id, category_id, name, brand, packaging, is_active)
VALUES
    ('20000000-0000-0000-0000-000000000011', 'carr-prod-1', '00000000-0000-0000-0000-000000000002', '10000000-0000-0000-0000-000000000051', 'Leche Entera Carrefour 1L',         'Carrefour', '1L',    true),
    ('20000000-0000-0000-0000-000000000012', 'carr-prod-2', '00000000-0000-0000-0000-000000000002', '10000000-0000-0000-0000-000000000052', 'Leche Semidesnatada Carrefour 1L',  'Carrefour', '1L',    true),
    ('20000000-0000-0000-0000-000000000013', 'carr-prod-3', '00000000-0000-0000-0000-000000000002', '10000000-0000-0000-0000-000000000053', 'Yogur Natural Carrefour 8x125g',    'Carrefour', '8x125g',true),
    ('20000000-0000-0000-0000-000000000014', 'carr-prod-4', '00000000-0000-0000-0000-000000000002', '10000000-0000-0000-0000-000000000054', 'Aceite de Girasol Carrefour 1L',    'Carrefour', '1L',    true),
    ('20000000-0000-0000-0000-000000000015', 'carr-prod-5', '00000000-0000-0000-0000-000000000002', '10000000-0000-0000-0000-000000000055', 'Pan de Molde Blanco Carrefour 800g','Carrefour', '800g',  true),
    ('20000000-0000-0000-0000-000000000016', 'carr-prod-6', '00000000-0000-0000-0000-000000000002', '10000000-0000-0000-0000-000000000056', 'Arroz Redondo Carrefour 1Kg',       'Carrefour', '1kg',   true)
ON CONFLICT (id) DO NOTHING;

-- ---- Prices ------------------------------------------------
INSERT INTO product_prices (id, product_id, unit_price, selling_method, currency, recorded_at)
VALUES
    ('30000000-0000-0000-0000-000000000011', '20000000-0000-0000-0000-000000000011', 0.99, 0, 'EUR', '2026-04-11 08:00:00+00'),
    ('30000000-0000-0000-0000-000000000012', '20000000-0000-0000-0000-000000000012', 0.95, 0, 'EUR', '2026-04-11 08:00:00+00'),
    ('30000000-0000-0000-0000-000000000013', '20000000-0000-0000-0000-000000000013', 1.89, 0, 'EUR', '2026-04-11 08:00:00+00'),
    ('30000000-0000-0000-0000-000000000014', '20000000-0000-0000-0000-000000000014', 1.35, 0, 'EUR', '2026-04-11 08:00:00+00'),
    ('30000000-0000-0000-0000-000000000015', '20000000-0000-0000-0000-000000000015', 1.45, 0, 'EUR', '2026-04-11 08:00:00+00'),
    ('30000000-0000-0000-0000-000000000016', '20000000-0000-0000-0000-000000000016', 1.09, 0, 'EUR', '2026-04-11 08:00:00+00')
ON CONFLICT (id, recorded_at) DO NOTHING;

-- ============================================================
-- ALDI
-- ============================================================

-- ---- TOP categories ----------------------------------------
INSERT INTO categories (id, name, external_id, supermarket_id, level_type, parent_id, sort_order)
VALUES
    ('10000000-0000-0000-0000-000000000061', 'Lácteos',  'aldi-1001', '00000000-0000-0000-0000-000000000004', 'TOP', NULL, 1),
    ('10000000-0000-0000-0000-000000000062', 'Aceites',  'aldi-1002', '00000000-0000-0000-0000-000000000004', 'TOP', NULL, 2),
    ('10000000-0000-0000-0000-000000000063', 'Panadería','aldi-1003', '00000000-0000-0000-0000-000000000004', 'TOP', NULL, 3)
ON CONFLICT (id) DO NOTHING;

-- ---- SUB categories ----------------------------------------
INSERT INTO categories (id, name, external_id, supermarket_id, level_type, parent_id, sort_order)
VALUES
    ('10000000-0000-0000-0000-000000000071', 'Leche y yogures',    'aldi-1011', '00000000-0000-0000-0000-000000000004', 'SUB', '10000000-0000-0000-0000-000000000061', 1),
    ('10000000-0000-0000-0000-000000000072', 'Aceites y grasas',   'aldi-1012', '00000000-0000-0000-0000-000000000004', 'SUB', '10000000-0000-0000-0000-000000000062', 1),
    ('10000000-0000-0000-0000-000000000073', 'Pan de molde',       'aldi-1013', '00000000-0000-0000-0000-000000000004', 'SUB', '10000000-0000-0000-0000-000000000063', 1)
ON CONFLICT (id) DO NOTHING;

-- ---- LEAF categories ---------------------------------------
INSERT INTO categories (id, name, external_id, supermarket_id, level_type, parent_id, sort_order)
VALUES
    ('10000000-0000-0000-0000-000000000081', 'Leche entera',        'aldi-1021', '00000000-0000-0000-0000-000000000004', 'LEAF', '10000000-0000-0000-0000-000000000071', 1),
    ('10000000-0000-0000-0000-000000000082', 'Yogur natural',       'aldi-1022', '00000000-0000-0000-0000-000000000004', 'LEAF', '10000000-0000-0000-0000-000000000071', 2),
    ('10000000-0000-0000-0000-000000000083', 'Aceite de girasol',   'aldi-1023', '00000000-0000-0000-0000-000000000004', 'LEAF', '10000000-0000-0000-0000-000000000072', 1),
    ('10000000-0000-0000-0000-000000000084', 'Pan de molde blanco', 'aldi-1024', '00000000-0000-0000-0000-000000000004', 'LEAF', '10000000-0000-0000-0000-000000000073', 1)
ON CONFLICT (id) DO NOTHING;

-- ---- Products ----------------------------------------------
INSERT INTO products (id, external_id, supermarket_id, category_id, name, brand, packaging, is_active)
VALUES
    ('20000000-0000-0000-0000-000000000021', 'aldi-prod-1', '00000000-0000-0000-0000-000000000004', '10000000-0000-0000-0000-000000000081', 'Leche Entera Milbona 1L',          'Milbona',  '1L',    true),
    ('20000000-0000-0000-0000-000000000022', 'aldi-prod-2', '00000000-0000-0000-0000-000000000004', '10000000-0000-0000-0000-000000000082', 'Yogur Natural Milbona 4x125g',     'Milbona',  '4x125g',true),
    ('20000000-0000-0000-0000-000000000023', 'aldi-prod-3', '00000000-0000-0000-0000-000000000004', '10000000-0000-0000-0000-000000000083', 'Aceite de Girasol Aliada 1L',      'Aliada',   '1L',    true),
    ('20000000-0000-0000-0000-000000000024', 'aldi-prod-4', '00000000-0000-0000-0000-000000000004', '10000000-0000-0000-0000-000000000084', 'Pan de Molde Blanco Aldi 800g',    'ALDI',     '800g',  true)
ON CONFLICT (id) DO NOTHING;

-- ---- Prices ------------------------------------------------
INSERT INTO product_prices (id, product_id, unit_price, selling_method, currency, recorded_at)
VALUES
    ('30000000-0000-0000-0000-000000000021', '20000000-0000-0000-0000-000000000021', 0.79, 0, 'EUR', '2026-04-11 08:00:00+00'),
    ('30000000-0000-0000-0000-000000000022', '20000000-0000-0000-0000-000000000022', 1.55, 0, 'EUR', '2026-04-11 08:00:00+00'),
    ('30000000-0000-0000-0000-000000000023', '20000000-0000-0000-0000-000000000023', 1.09, 0, 'EUR', '2026-04-11 08:00:00+00'),
    ('30000000-0000-0000-0000-000000000024', '20000000-0000-0000-0000-000000000024', 1.25, 0, 'EUR', '2026-04-11 08:00:00+00')
ON CONFLICT (id, recorded_at) DO NOTHING;

-- ============================================================
-- Refresh materialized view so latest_product_prices reflects new demo rows
-- ============================================================
REFRESH MATERIALIZED VIEW latest_product_prices;

